nbits,random_images_sim,epochs
2.0,0.97989285,0.0
4.0,0.97989285,0.0
6.0,0.97989285,0.0
