nbits,random_images_sim,epochs
2.0,0.98255634,0.0
4.0,0.9805862,0.0
6.0,0.98255634,0.0
