nbits,random_images_sim,time,output_indices,number_of_similar_images
2.0,0.9634761,0.0016069412231445312,"[0, 1, 2, 3, 4, 5, 6, 7, 8, 9, 10, 11, 12, 13, 14, 15, 16, 17, 18, 19, 20, 21, 22, 23, 24, 25, 26, 27, 28, 29, 30, 31, 32, 33, 34, 35, 36, 37, 38, 39, 40, 41, 42, 43, 44, 45, 46, 47, 48, 49]",50
4.0,0.9634761,0.00036406517028808594,"[0, 1, 2, 3, 4, 5, 6, 7, 8, 9, 10, 11, 12, 13, 14, 15, 16, 17, 18, 19, 20, 21, 22, 23, 24, 25, 26, 27, 28, 29, 30, 31, 32, 33, 34, 35, 36, 37, 38, 39, 40, 41, 42, 43, 44, 45, 46, 47, 48, 49]",50
6.0,0.9628144,0.00031685829162597656,"[0, 1, 2, 3, 4, 5, 6, 7, 8, 9, 10, 12, 13, 14, 16, 17, 18, 19, 20, 21, 22, 23, 24, 25, 26, 27, 28, 29, 30, 31, 32, 33, 34, 35, 36, 37, 38, 39, 40, 41, 42, 43, 44, 45, 46, 47, 48, 49, 50, 51]",50
8.0,0.9648359,0.00019621849060058594,"[1, 5, 6, 8, 9, 10, 14, 17, 19, 21, 27, 28, 30, 35, 37, 39, 43, 59, 68, 76, 77, 79, 92, 98, 103, 106, 111, 119, 120, 122, 123, 135, 137, 139, 140, 142, 145, 147, 148, 150, 151, 153, 158, 162, 165, 169, 172, 180, 188, 194]",50
10.0,0.9626524,0.0005490779876708984,"[0, 1, 2, 3, 4, 5, 6, 7, 8, 9, 10, 11, 12, 13, 14, 15, 16, 17, 18, 19, 20, 21, 22, 23, 24, 25, 26, 27, 28, 29, 32, 33, 34, 35, 36, 37, 38, 39, 40, 41, 42, 43, 44, 45, 46, 47, 48, 49, 50, 51]",50
12.0,0.9657271,0.0010998249053955078,"[0, 1, 2, 3, 5, 6, 7, 8, 9, 11, 12, 13, 15, 16, 17, 18, 19, 20, 22, 23, 25, 26, 31, 33, 34, 35, 36, 37, 38, 39, 41, 43, 45, 47, 48, 49, 51, 52, 54, 57, 58, 59, 60, 63, 64, 65, 66, 67, 68, 69]",50
15.0,0.96135217,0.007631063461303711,"[1, 3, 5, 6, 9, 11, 18, 21, 24, 29, 35, 36, 39, 41, 48, 52, 67, 71, 79, 88, 89, 113, 114, 126, 127, 129, 145, 147, 148, 158, 159, 161, 166, 185, 191, 198, 203, 205, 209, 210, 213, 218, 219, 220, 231, 232, 243, 246, 268, 272]",50
20.0,0.9684999,0.39312005043029785,"[2, 8, 9, 12, 16, 17, 20, 21, 25, 26, 29, 32, 34, 36, 47, 48, 51, 57, 62, 65, 66, 69, 75, 80, 82, 83, 85, 90, 94, 96, 97, 99, 104, 109, 112, 115, 116, 117, 124, 127, 128, 130, 134, 138, 139, 141, 143, 144, 146, 148]",50
